{
  "enabled": true,
  "neededInstalledMods": [],
  "neededUninstalledMods": [],
  "spawns": [
    {
      "id": "mythsandlegends-regidrago-1",
      "pokemon": "regidrago",
      "presets": [
        "natural"
      ],
      "type": "pokemon",
      "context": "grounded",
      "bucket": "ultra-rare",
      "level": "40",
      "weight": 0.1,
      "condition": {
        "biomes": [
          "#minecraft:is_nether"
        ],
        "key_item": "mythsandlegends:scaly_tablet"
      }
    },
    {
      "id": "mythsandlegends-regidrago-2",
      "pokemon": "regidrago",
      "presets": [
        "natural"
      ],
      "type": "pokemon",
      "context": "grounded",
      "bucket": "ultra-rare",
      "level": "40",
      "weight": 0.1,
      "condition": {
        "biomes": [
          "minecraft:the_end",
          "minecraft:end_barrens",
          "minecraft:end_highlands",
          "minecraft:end_midlands",
          "minecraft:small_end_islands"
        ],
        "key_item": "mythsandlegends:scaly_tablet"
      }
    }
  ,
    {
      "id": "mythsandlegends-regidrago-3",
      "pokemon": "regidrago",
      "presets": [
        "natural"
      ],
      "type": "pokemon",
      "context": "grounded",
      "bucket": "ultra-rare",
      "level": "40",
      "weight": 0.1,
      "condition": {
        "biomes": [
          "minecraft:the_end",
          "minecraft:end_barrens",
          "minecraft:end_highlands",
          "minecraft:end_midlands",
          "minecraft:small_end_islands"
        ],
        "key_item": "mythsandlegends:ancient_tablet"
      }
    }
  ,
    {
      "id": "mythsandlegends-regidrago-4",
      "pokemon": "regidrago",
      "presets": [
        "natural"
      ],
      "type": "pokemon",
      "context": "grounded",
      "bucket": "ultra-rare",
      "level": "40",
      "weight": 0.1,
      "condition": {
        "biomes": [
          "minecraft:the_end",
          "minecraft:end_barrens",
          "minecraft:end_highlands",
          "minecraft:end_midlands",
          "minecraft:small_end_islands"
        ],
        "key_item": "mythsandlegends:ancient_tablet"
      }
    }
  ]
} 